{"hand0": {"lm0": {"x": 0.6100381016731262, "y": 0.5301905274391174, "z": -1.0166725417093403e-07}, "lm1": {"x": 0.6289013624191284, "y": 0.5107055902481079, "z": -0.006731703411787748}, "lm2": {"x": 0.6393112540245056, "y": 0.48591965436935425, "z": -0.00805804505944252}, "lm3": {"x": 0.6435816287994385, "y": 0.4614515006542206, "z": -0.009775018319487572}, "lm4": {"x": 0.6534991264343262, "y": 0.4489080607891083, "z": -0.01025798637419939}, "lm5": {"x": 0.629186749458313, "y": 0.4680946171283722, "z": 0.006750083062797785}, "lm6": {"x": 0.6233386397361755, "y": 0.4499388039112091, "z": -0.0022835428826510906}, "lm7": {"x": 0.6205100417137146, "y": 0.46585723757743835, "z": -0.0083836754783988}, "lm8": {"x": 0.6208873987197876, "y": 0.47936543822288513, "z": -0.010028972290456295}, "lm9": {"x": 0.618676483631134, "y": 0.4690861999988556, "z": 0.008521717973053455}, "lm10": {"x": 0.6153679490089417, "y": 0.45145249366760254, "z": -0.0004915621830150485}, "lm11": {"x": 0.6132777333259583, "y": 0.47055861353874207, "z": -0.004586183000355959}, "lm12": {"x": 0.613673985004425, "y": 0.48205265402793884, "z": -0.004249949473887682}, "lm13": {"x": 0.6092648506164551, "y": 0.47138094902038574, "z": 0.00810227356851101}, "lm14": {"x": 0.6068893671035767, "y": 0.4569975733757019, "z": -0.0009152662241831422}, "lm15": {"x": 0.6054572463035583, "y": 0.4748104214668274, "z": -0.0009760523098520935}, "lm16": {"x": 0.6062189936637878, "y": 0.48604196310043335, "z": 0.002563205547630787}, "lm17": {"x": 0.599777340888977, "y": 0.4743887782096863, "z": 0.007110979408025742}, "lm18": {"x": 0.5976718068122864, "y": 0.46229225397109985, "z": 0.0031829059589654207}, "lm19": {"x": 0.5984619855880737, "y": 0.47487738728523254, "z": 0.005013995338231325}, "lm20": {"x": 0.6005836725234985, "y": 0.48448655009269714, "z": 0.008697250857949257}}}